Client Software	HTTP requests	IPv4 Addresses	Number of Records
masscan/1.0 (https://github.com/robertdavidgraham/masscan)	GET / HTTP/1.0	93.104.211.50	1
masscan/1.0 (https://github.com/robertdavidgraham/masscan)	GET / HTTP/1.0	91.121.70.155	1
masscan/1.0 (https://github.com/robertdavidgraham/masscan)	GET / HTTP/1.0	91.121.157.178	1
masscan/1.0 (https://github.com/robertdavidgraham/masscan)	GET / HTTP/1.0	80.82.70.118	1
masscan/1.0 (https://github.com/robertdavidgraham/masscan)	GET / HTTP/1.0	80.211.85.67	1
masscan/1.0 (https://github.com/robertdavidgraham/masscan)	GET / HTTP/1.0	79.143.188.161	1
masscan/1.0 (https://github.com/robertdavidgraham/masscan)	GET / HTTP/1.0	79.143.186.114	1
masscan/1.0 (https://github.com/robertdavidgraham/masscan)	GET / HTTP/1.0	79.143.177.84	1
masscan/1.0 (https://github.com/robertdavidgraham/masscan)	GET / HTTP/1.0	69.162.106.70	1
masscan/1.0 (https://github.com/robertdavidgraham/masscan)	GET / HTTP/1.0	54.38.157.127	1
masscan/1.0 (https://github.com/robertdavidgraham/masscan)	GET / HTTP/1.0	54.36.49.151	1
masscan/1.0 (https://github.com/robertdavidgraham/masscan)	GET / HTTP/1.0	54.36.113.62	1
masscan/1.0 (https://github.com/robertdavidgraham/masscan)	GET / HTTP/1.0	51.68.70.66	1
masscan/1.0 (https://github.com/robertdavidgraham/masscan)	GET / HTTP/1.0	51.68.225.51	1
masscan/1.0 (https://github.com/robertdavidgraham/masscan)	GET / HTTP/1.0	51.68.137.11	1
masscan/1.0 (https://github.com/robertdavidgraham/masscan)	GET / HTTP/1.0	51.68.120.183	1
masscan/1.0 (https://github.com/robertdavidgraham/masscan)	GET / HTTP/1.0	51.38.57.199	1
masscan/1.0 (https://github.com/robertdavidgraham/masscan)	GET / HTTP/1.0	50.73.116.43	1
masscan/1.0 (https://github.com/robertdavidgraham/masscan)	GET / HTTP/1.0	5.189.188.207	1
masscan/1.0 (https://github.com/robertdavidgraham/masscan)	GET / HTTP/1.0	5.189.179.2	1
masscan/1.0 (https://github.com/robertdavidgraham/masscan)	GET / HTTP/1.0	5.189.151.188	1
masscan/1.0 (https://github.com/robertdavidgraham/masscan)	GET / HTTP/1.0	5.189.141.4	1
masscan/1.0 (https://github.com/robertdavidgraham/masscan)	GET / HTTP/1.0	5.189.132.31	1
masscan/1.0 (https://github.com/robertdavidgraham/masscan)	GET / HTTP/1.0	46.105.123.189	1
masscan/1.0 (https://github.com/robertdavidgraham/masscan)	GET / HTTP/1.0	46.101.171.183	1
masscan/1.0 (https://github.com/robertdavidgraham/masscan)	GET / HTTP/1.0	37.187.134.139	1
masscan/1.0 (https://github.com/robertdavidgraham/masscan)	GET / HTTP/1.0	35.187.106.196	1
masscan/1.0 (https://github.com/robertdavidgraham/masscan)	GET / HTTP/1.0	207.180.234.135	1
masscan/1.0 (https://github.com/robertdavidgraham/masscan)	GET / HTTP/1.0	207.180.223.221	1
masscan/1.0 (https://github.com/robertdavidgraham/masscan)	GET / HTTP/1.0	207.180.213.201	1
masscan/1.0 (https://github.com/robertdavidgraham/masscan)	GET / HTTP/1.0	207.180.208.189	1
masscan/1.0 (https://github.com/robertdavidgraham/masscan)	GET / HTTP/1.0	206.189.237.232	1
masscan/1.0 (https://github.com/robertdavidgraham/masscan)	GET / HTTP/1.0	206.189.145.214	1
masscan/1.0 (https://github.com/robertdavidgraham/masscan)	GET / HTTP/1.0	202.168.64.24	1
masscan/1.0 (https://github.com/robertdavidgraham/masscan)	GET / HTTP/1.0	193.200.241.132	1
masscan/1.0 (https://github.com/robertdavidgraham/masscan)	GET / HTTP/1.0	190.136.174.171	1
masscan/1.0 (https://github.com/robertdavidgraham/masscan)	GET / HTTP/1.0	190.13.136.237	1
masscan/1.0 (https://github.com/robertdavidgraham/masscan)	GET / HTTP/1.0	185.75.71.247	1
masscan/1.0 (https://github.com/robertdavidgraham/masscan)	GET / HTTP/1.0	185.197.75.239	1
masscan/1.0 (https://github.com/robertdavidgraham/masscan)	GET / HTTP/1.0	182.23.104.231	1
masscan/1.0 (https://github.com/robertdavidgraham/masscan)	GET / HTTP/1.0	178.238.227.208	1
masscan/1.0 (https://github.com/robertdavidgraham/masscan)	GET / HTTP/1.0	178.238.226.57	1
masscan/1.0 (https://github.com/robertdavidgraham/masscan)	GET / HTTP/1.0	178.238.225.230	1
masscan/1.0 (https://github.com/robertdavidgraham/masscan)	GET / HTTP/1.0	178.128.234.200	1
masscan/1.0 (https://github.com/robertdavidgraham/masscan)	GET / HTTP/1.0	173.249.6.245	1
masscan/1.0 (https://github.com/robertdavidgraham/masscan)	GET / HTTP/1.0	173.249.57.206	1
masscan/1.0 (https://github.com/robertdavidgraham/masscan)	GET / HTTP/1.0	173.249.51.194	1
masscan/1.0 (https://github.com/robertdavidgraham/masscan)	GET / HTTP/1.0	173.249.51.143	1
masscan/1.0 (https://github.com/robertdavidgraham/masscan)	GET / HTTP/1.0	173.249.47.56	1
masscan/1.0 (https://github.com/robertdavidgraham/masscan)	GET / HTTP/1.0	173.249.41.105	1
masscan/1.0 (https://github.com/robertdavidgraham/masscan)	GET / HTTP/1.0	173.249.2.122	1
masscan/1.0 (https://github.com/robertdavidgraham/masscan)	GET / HTTP/1.0	173.249.16.234	1
masscan/1.0 (https://github.com/robertdavidgraham/masscan)	GET / HTTP/1.0	173.249.12.113	1
masscan/1.0 (https://github.com/robertdavidgraham/masscan)	GET / HTTP/1.0	173.212.233.69	1
masscan/1.0 (https://github.com/robertdavidgraham/masscan)	GET / HTTP/1.0	173.212.226.7	1
masscan/1.0 (https://github.com/robertdavidgraham/masscan)	GET / HTTP/1.0	173.212.212.52	1
masscan/1.0 (https://github.com/robertdavidgraham/masscan)	GET / HTTP/1.0	173.212.204.194	1
masscan/1.0 (https://github.com/robertdavidgraham/masscan)	GET / HTTP/1.0	170.238.36.21	1
masscan/1.0 (https://github.com/robertdavidgraham/masscan)	GET / HTTP/1.0	167.99.130.208	1
masscan/1.0 (https://github.com/robertdavidgraham/masscan)	GET / HTTP/1.0	165.22.43.33	1
masscan/1.0 (https://github.com/robertdavidgraham/masscan)	GET / HTTP/1.0	163.172.10.53	1
masscan/1.0 (https://github.com/robertdavidgraham/masscan)	GET / HTTP/1.0	159.65.188.111	1
masscan/1.0 (https://github.com/robertdavidgraham/masscan)	GET / HTTP/1.0	159.65.187.159	1
masscan/1.0 (https://github.com/robertdavidgraham/masscan)	GET / HTTP/1.0	146.196.55.181	1
masscan/1.0 (https://github.com/robertdavidgraham/masscan)	GET / HTTP/1.0	145.239.253.73	1
masscan/1.0 (https://github.com/robertdavidgraham/masscan)	GET / HTTP/1.0	138.68.247.104	1
masscan/1.0 (https://github.com/robertdavidgraham/masscan)	GET / HTTP/1.0	131.108.164.19	1
masscan/1.0 (https://github.com/robertdavidgraham/masscan)	GET / HTTP/1.0	128.199.84.41	1
masscan/1.0 (https://github.com/robertdavidgraham/masscan)	GET / HTTP/1.0	122.155.11.55	1
masscan/1.0 (https://github.com/robertdavidgraham/masscan)	GET / HTTP/1.0	104.248.63.201	1
masscan/1.0 (https://github.com/robertdavidgraham/masscan)	GET / HTTP/1.0	104.248.164.231	1
masscan/1.0 (https://github.com/robertdavidgraham/masscan)	GET / HTTP/1.0	104.248.163.158	1
masscan/1.0 (https://github.com/robertdavidgraham/masscan)	GET / HTTP/1.0	104.152.52.18	1
masscan/1.0 (https://github.com/robertdavidgraham/masscan)	GET / HTTP/1.0	103.99.176.144	1
masscan/1.0 (https://github.com/robertdavidgraham/masscan)	GET / HTTP/1.0	103.83.5.41	1
masscan/1.0 (https://github.com/robertdavidgraham/masscan)	GET / HTTP/1.0	91.194.90.159	2
masscan/1.0 (https://github.com/robertdavidgraham/masscan)	GET / HTTP/1.0	80.241.221.67	2
masscan/1.0 (https://github.com/robertdavidgraham/masscan)	GET / HTTP/1.0	80.211.6.136	2
masscan/1.0 (https://github.com/robertdavidgraham/masscan)	GET / HTTP/1.0	79.143.187.243	2
masscan/1.0 (https://github.com/robertdavidgraham/masscan)	GET / HTTP/1.0	54.38.207.237	2
masscan/1.0 (https://github.com/robertdavidgraham/masscan)	GET / HTTP/1.0	51.75.24.151	2
masscan/1.0 (https://github.com/robertdavidgraham/masscan)	GET / HTTP/1.0	51.38.239.33	2
masscan/1.0 (https://github.com/robertdavidgraham/masscan)	GET / HTTP/1.0	51.38.185.246	2
masscan/1.0 (https://github.com/robertdavidgraham/masscan)	GET / HTTP/1.0	51.15.170.31	2
masscan/1.0 (https://github.com/robertdavidgraham/masscan)	GET / HTTP/1.0	50.73.116.41	2
masscan/1.0 (https://github.com/robertdavidgraham/masscan)	GET / HTTP/1.0	5.196.65.85	2
masscan/1.0 (https://github.com/robertdavidgraham/masscan)	GET / HTTP/1.0	5.189.189.207	2
masscan/1.0 (https://github.com/robertdavidgraham/masscan)	GET / HTTP/1.0	5.189.187.237	2
masscan/1.0 (https://github.com/robertdavidgraham/masscan)	GET / HTTP/1.0	5.189.176.208	2
masscan/1.0 (https://github.com/robertdavidgraham/masscan)	GET / HTTP/1.0	5.189.163.253	2
masscan/1.0 (https://github.com/robertdavidgraham/masscan)	GET / HTTP/1.0	5.189.162.164	2
masscan/1.0 (https://github.com/robertdavidgraham/masscan)	GET / HTTP/1.0	5.189.155.14	2
masscan/1.0 (https://github.com/robertdavidgraham/masscan)	GET / HTTP/1.0	5.189.134.236	2
masscan/1.0 (https://github.com/robertdavidgraham/masscan)	GET / HTTP/1.0	37.59.63.219	2
masscan/1.0 (https://github.com/robertdavidgraham/masscan)	GET / HTTP/1.0	213.136.87.57	2
masscan/1.0 (https://github.com/robertdavidgraham/masscan)	GET / HTTP/1.0	207.180.222.40	2
masscan/1.0 (https://github.com/robertdavidgraham/masscan)	GET / HTTP/1.0	206.189.37.55	2
masscan/1.0 (https://github.com/robertdavidgraham/masscan)	GET / HTTP/1.0	195.154.56.58	2
masscan/1.0 (https://github.com/robertdavidgraham/masscan)	GET / HTTP/1.0	195.154.211.33	2
masscan/1.0 (https://github.com/robertdavidgraham/masscan)	GET / HTTP/1.0	195.154.164.44	2
masscan/1.0 (https://github.com/robertdavidgraham/masscan)	GET / HTTP/1.0	174.138.7.207	2
masscan/1.0 (https://github.com/robertdavidgraham/masscan)	GET / HTTP/1.0	173.249.60.176	2
masscan/1.0 (https://github.com/robertdavidgraham/masscan)	GET / HTTP/1.0	173.249.49.151	2
masscan/1.0 (https://github.com/robertdavidgraham/masscan)	GET / HTTP/1.0	173.249.33.187	2
masscan/1.0 (https://github.com/robertdavidgraham/masscan)	GET / HTTP/1.0	173.249.31.123	2
masscan/1.0 (https://github.com/robertdavidgraham/masscan)	GET / HTTP/1.0	173.212.218.126	2
masscan/1.0 (https://github.com/robertdavidgraham/masscan)	GET / HTTP/1.0	173.212.204.184	2
masscan/1.0 (https://github.com/robertdavidgraham/masscan)	GET / HTTP/1.0	167.99.82.150	2
masscan/1.0 (https://github.com/robertdavidgraham/masscan)	GET / HTTP/1.0	167.114.169.17	2
masscan/1.0 (https://github.com/robertdavidgraham/masscan)	GET / HTTP/1.0	165.227.4.106	2
masscan/1.0 (https://github.com/robertdavidgraham/masscan)	GET / HTTP/1.0	159.65.27.252	2
masscan/1.0 (https://github.com/robertdavidgraham/masscan)	GET / HTTP/1.0	159.65.11.106	2
masscan/1.0 (https://github.com/robertdavidgraham/masscan)	GET / HTTP/1.0	146.185.142.70	2
masscan/1.0 (https://github.com/robertdavidgraham/masscan)	GET / HTTP/1.0	142.93.187.70	2
masscan/1.0 (https://github.com/robertdavidgraham/masscan)	GET / HTTP/1.0	94.23.147.35	3
masscan/1.0 (https://github.com/robertdavidgraham/masscan)	GET / HTTP/1.0	80.241.220.101	3
masscan/1.0 (https://github.com/robertdavidgraham/masscan)	GET / HTTP/1.0	66.70.240.214	3
masscan/1.0 (https://github.com/robertdavidgraham/masscan)	GET / HTTP/1.0	52.232.188.182	3
masscan/1.0 (https://github.com/robertdavidgraham/masscan)	GET / HTTP/1.0	5.196.65.217	3
masscan/1.0 (https://github.com/robertdavidgraham/masscan)	GET / HTTP/1.0	37.187.18.168	3
masscan/1.0 (https://github.com/robertdavidgraham/masscan)	GET / HTTP/1.0	209.97.190.223	3
masscan/1.0 (https://github.com/robertdavidgraham/masscan)	GET / HTTP/1.0	207.180.224.136	3
masscan/1.0 (https://github.com/robertdavidgraham/masscan)	GET / HTTP/1.0	207.180.220.8	3
masscan/1.0 (https://github.com/robertdavidgraham/masscan)	GET / HTTP/1.0	207.180.213.88	3
masscan/1.0 (https://github.com/robertdavidgraham/masscan)	GET / HTTP/1.0	200.2.162.34	3
masscan/1.0 (https://github.com/robertdavidgraham/masscan)	GET / HTTP/1.0	178.33.122.173	3
masscan/1.0 (https://github.com/robertdavidgraham/masscan)	GET / HTTP/1.0	173.212.200.13	3
masscan/1.0 (https://github.com/robertdavidgraham/masscan)	GET / HTTP/1.0	170.238.36.66	3
masscan/1.0 (https://github.com/robertdavidgraham/masscan)	GET / HTTP/1.0	170.238.36.20	3
masscan/1.0 (https://github.com/robertdavidgraham/masscan)	GET / HTTP/1.0	167.99.40.21	3
masscan/1.0 (https://github.com/robertdavidgraham/masscan)	GET / HTTP/1.0	159.89.16.121	3
masscan/1.0 (https://github.com/robertdavidgraham/masscan)	GET / HTTP/1.0	139.99.186.165	3
masscan/1.0 (https://github.com/robertdavidgraham/masscan)	GET / HTTP/1.0	138.68.26.56	3
masscan/1.0 (https://github.com/robertdavidgraham/masscan)	GET / HTTP/1.0	54.36.63.4	4
masscan/1.0 (https://github.com/robertdavidgraham/masscan)	GET / HTTP/1.0	51.68.226.118	4
masscan/1.0 (https://github.com/robertdavidgraham/masscan)	GET / HTTP/1.0	51.68.124.104	4
masscan/1.0 (https://github.com/robertdavidgraham/masscan)	GET / HTTP/1.0	207.180.211.90	4
masscan/1.0 (https://github.com/robertdavidgraham/masscan)	GET / HTTP/1.0	188.166.45.128	4
masscan/1.0 (https://github.com/robertdavidgraham/masscan)	GET / HTTP/1.0	163.172.47.200	4
masscan/1.0 (https://github.com/robertdavidgraham/masscan)	GET / HTTP/1.0	139.99.141.237	4
masscan/1.0 (https://github.com/robertdavidgraham/masscan)	GET / HTTP/1.0	138.197.216.120	4
masscan/1.0 (https://github.com/robertdavidgraham/masscan)	GET / HTTP/1.0	192.99.55.15	5
